bot,image
AnagramBot0009,708885272841879
"Arby 'n' the Chief: Roflpostbot 1337",2050858218548797
"BlackjackBot 1111",441702943247435
"BlessedBot 6009",418912425614226
"Bot Idea: A Bot That Posts Bot Ideas",775030709546756
CanvasBot,390845638403496
"CountryBot 0208",500738470399816
"Dungeon Post Bot 1974",2285074971542467
"Elixir: Color Generator",847085295448592
"EmojiBot 101",301542600627451
"Feijoada Simulator v2.0.0",258433244715394
"FunnyPost Bot 5000",1411977962202193
"Generic Love Song Bot 220",609253729504911
"GodBot 0000",2349273355351100
"HungerGamesBot 74",126951917963098
"Know Your Meme Bot v1",277468403204166
LinusBot,1310769269062517
"Local Forecast Bot",532420467194959
"MathsBot 271828",431398737269289
PHCommentBot,1935936326459955
"PokéBooster BOT 182",333244244001576
"PokéFusionBot 1996",333678823919291
"PowiatBot 2077: Battle Royale",2302048643375567
"Random Color Memes II: Electric Bluegaloo",1250450778363053
"RPB: Posting Bot",1044088892269897
"ShowerthoughtsBot 1981",2555197911219686
Styletransferbot9683,2169855356565545
"Thanos Bot Thanos Bot",757632331272960
"Travel Bot 195",279118016339522
"Trump Tweet Bot 2024",1005311772990926
"Why Are You Bot?",830681153950729
"Winter War Bot 306",1326276020857811
